table_name,column_name,confidence,description
agg_ab_readout,event_date,high,Calendar date on which experiment exposure and performance metrics were measured.
agg_ab_readout,experiment_id,high,Unique identifier for the A/B experiment associated with the readout.
agg_ab_readout,variant_id,high,Unique identifier for the experiment variant represented in the readout.
agg_ab_readout,experiment_name,high,Human-readable name used to identify the experiment for analysis and reporting.
agg_ab_readout,variant_label,high,Business-facing label describing the experiment treatment or control variant.
agg_ab_readout,is_control,high,Indicates whether the variant is the experiment control or baseline group.
agg_ab_readout,variant_role,medium,"Classifies the variant's experimental role, such as control, treatment, or holdout."
agg_ab_readout,experiment_status,high,"Current lifecycle state of the experiment, such as draft, running, or completed."
agg_ab_readout,experiment_outcome,medium,Recorded business or statistical outcome of the experiment.
agg_ab_readout,is_shipped_variant,high,Indicates whether this variant has been selected for production rollout.
agg_ab_readout,primary_metric,high,Metric designated as the principal success measure for the experiment.
agg_ab_readout,experiment_day_index,high,Sequential day number since the experiment began or exposure measurement started.
agg_ab_readout,exposed_users_today,high,Number of distinct users exposed to this variant on the reporting date.
agg_ab_readout,exposed_users_cumulative,high,Cumulative number of distinct users exposed to this variant through the reporting date.
agg_ab_readout,new_assignments_today,high,Number of users newly assigned to this variant on the reporting date.
agg_ab_readout,expected_share_pct,high,Configured percentage of experiment traffic expected to be assigned to the variant.
agg_ab_readout,actual_share_pct,high,Observed percentage of experiment traffic assigned to the variant.
agg_ab_readout,share_delta_pct,high,Difference between the observed and configured traffic allocation percentages.
agg_ab_readout,chi_square_p_value,high,P-value from a chi-square test evaluating whether observed variant allocation differs from expected allocation.
agg_ab_readout,is_srm_violation,high,Indicates whether a statistically significant sample-ratio mismatch was detected.
agg_ab_readout,sessions_today,high,Total gameplay sessions generated by users assigned to the variant on the reporting date.
agg_ab_readout,playtime_seconds_today,high,Aggregate gameplay time in seconds generated by the variant group on the reporting date.
agg_ab_readout,gameplays_today,medium,Count of gameplay activity instances recorded for the variant group on the reporting date.
agg_ab_readout,sessions_per_exposed_user,high,Average number of sessions per exposed user for the reporting date.
agg_ab_readout,ftue_completions_today,high,Number of users completing the first-time user experience on the reporting date.
agg_ab_readout,iap_revenue_usd_today,high,"Daily in-app purchase revenue generated by the variant group, normalized to U.S. dollars."
agg_ab_readout,iap_purchases_today,high,Number of in-app purchase transactions recorded for the variant group on the reporting date.
agg_ab_readout,payers_today,high,Number of distinct users making an in-app purchase on the reporting date.
agg_ab_readout,first_time_payers_today,high,Number of users making their first recorded in-app purchase on the reporting date.
agg_ab_readout,ad_revenue_usd_today,high,"Daily advertising revenue generated by the variant group, normalized to U.S. dollars."
agg_ab_readout,ad_impressions_today,high,Number of monetized ad impressions delivered to the variant group on the reporting date.
agg_ab_readout,total_revenue_usd_today,high,Combined daily IAP and advertising revenue generated by the variant group in U.S. dollars.
agg_ab_readout,iap_revenue_usd_cumulative,high,Cumulative in-app purchase revenue generated by the variant group through the reporting date in U.S. dollars.
agg_ab_readout,ad_revenue_usd_cumulative,high,Cumulative advertising revenue generated by the variant group through the reporting date in U.S. dollars.
agg_ab_readout,total_revenue_usd_cumulative,high,Cumulative combined IAP and advertising revenue generated by the variant group in U.S. dollars.
agg_ab_readout,revenue_per_exposed_user_cumulative,high,Cumulative total revenue divided by the number of users exposed to the variant.
agg_ab_readout,unique_payers_cumulative,high,Cumulative number of distinct users who have completed an in-app purchase in the variant group.
agg_ab_readout,arppu_cumulative,high,Cumulative average revenue per paying user for the variant group.
agg_ab_readout,arppu_lift_pct_vs_control,high,Percentage change in cumulative average revenue per paying user relative to the control variant.
agg_ab_readout,revenue_per_exposed_user_vs_control,medium,Cumulative revenue per exposed user for the variant relative to the corresponding control value.
agg_ab_readout,revenue_lift_pct_vs_control,high,Percentage change in cumulative revenue performance relative to the control variant.
agg_ab_readout,retention_d1_pct,high,Percentage of exposed users returning one day after initial exposure or cohort entry.
agg_ab_readout,retention_d7_pct,high,Percentage of exposed users returning seven days after initial exposure or cohort entry.
agg_ab_readout,retention_d30_pct,high,Percentage of exposed users returning 30 days after initial exposure or cohort entry.
agg_ab_readout,retention_d1_lift_vs_control,high,Difference in one-day retention between the variant and control groups.
agg_ab_readout,retention_d7_lift_vs_control,high,Difference in seven-day retention between the variant and control groups.
agg_ab_readout,retention_d30_lift_vs_control,high,Difference in 30-day retention between the variant and control groups.
agg_ab_readout,iap_conversion_pct_today,high,Percentage of exposed users who completed an in-app purchase on the reporting date.
agg_ab_readout,iap_conversion_lift_vs_control,high,Change in daily IAP conversion rate relative to the control variant.
agg_ab_readout,crash_rate_today,medium,Rate of gameplay or application sessions experiencing a crash on the reporting date.
agg_ab_readout,crash_rate_lift_pct_vs_control,high,Percentage change in crash rate relative to the control variant.
agg_ab_readout,retention_d1_lift_p_value,high,P-value testing whether the variant's one-day retention differs from the control.
agg_ab_readout,retention_d1_lift_significant,high,Indicates whether the one-day retention difference versus control meets the configured significance threshold.
agg_ab_readout,retention_d7_lift_p_value,high,P-value testing whether the variant's seven-day retention differs from the control.
agg_ab_readout,retention_d7_lift_significant,high,Indicates whether the seven-day retention difference versus control meets the configured significance threshold.
agg_ab_readout,iap_conversion_lift_p_value,high,P-value testing whether daily IAP conversion differs between the variant and control.
agg_ab_readout,iap_conversion_lift_significant,high,Indicates whether the IAP conversion difference versus control is statistically significant.
agg_ab_readout,revenue_lift_p_value,high,P-value testing whether revenue performance differs between the variant and control.
agg_ab_readout,revenue_lift_significant,high,Indicates whether the revenue difference versus control is statistically significant.
agg_ab_readout,revenue_lift_ci_lower,high,Lower bound of the confidence interval for revenue lift versus control.
agg_ab_readout,revenue_lift_ci_upper,high,Upper bound of the confidence interval for revenue lift versus control.
agg_ab_readout,avg_session_length,medium,"Average duration of gameplay sessions for the variant group, typically measured in seconds or minutes according to warehouse convention."
agg_ab_readout,avg_session_length_lift_vs_control,high,Change in average gameplay session duration relative to the control variant.
agg_ab_readout,tutorial_completion_rate,high,Percentage of relevant users completing the game's tutorial or onboarding flow.
agg_ab_readout,tutorial_completion_rate_lift_vs_control,high,Change in tutorial completion rate relative to the control variant.
agg_ab_readout,updated_date,high,Timestamp indicating when the aggregate readout was most recently refreshed.
agg_ab_readout,guardrails_all_green,high,Indicates whether all configured experiment guardrail metrics remain within acceptable limits.
agg_ab_readout,decision,medium,"Recommended or recorded experiment action, such as ship, iterate, or stop."
agg_ab_readout,peeking_signal,low,Indicator identifying potential repeated interim result inspection or an associated sequential-testing concern.
agg_ab_readout_by_segment,event_date,high,Calendar date on which the segmented experiment metric was measured.
agg_ab_readout_by_segment,experiment_id,high,Unique identifier for the A/B experiment being analyzed.
agg_ab_readout_by_segment,variant_id,high,Identifier for the experiment variant associated with the segmented result.
agg_ab_readout_by_segment,dimension,high,"Segmentation dimension used to partition the experiment result, such as country, platform, or player cohort."
agg_ab_readout_by_segment,segment_value,high,Specific value of the segmentation dimension represented by the row.
agg_ab_readout_by_segment,metric_id,high,Canonical identifier for the experiment metric being evaluated.
agg_ab_readout_by_segment,n,high,Number of observations or eligible users contributing to the segmented metric estimate.
agg_ab_readout_by_segment,metric_value,high,Measured value of the selected metric for the variant and segment.
agg_ab_readout_by_segment,is_control,high,Indicates whether the row represents the experiment control variant.
agg_ab_readout_by_segment,lift_vs_control,high,Absolute difference between the segmented variant metric and the control metric.
agg_ab_readout_by_segment,lift_pct_vs_control,high,Percentage change in the segmented metric relative to control.
agg_ab_readout_by_segment,ci_low,high,Lower bound of the confidence interval for the segmented metric or lift estimate.
agg_ab_readout_by_segment,ci_high,high,Upper bound of the confidence interval for the segmented metric or lift estimate.
agg_ab_readout_by_segment,p_value,high,Statistical test p-value for the difference between the variant and control within the segment.
agg_ab_readout_by_segment,significant,high,Indicates whether the segmented variant-versus-control result meets the configured significance threshold.
agg_ab_readout_by_segment,is_low_sample,high,Indicates that the segment has insufficient observations for reliable statistical interpretation.
agg_ab_readout_by_segment,updated_date,high,Timestamp indicating when the segmented readout was most recently refreshed.
agg_metrics_periodic,period_grain,high,"Time aggregation level for the metric, such as daily, weekly, or monthly."
agg_metrics_periodic,period_start,high,Inclusive start date of the period summarized by the metric record.
agg_metrics_periodic,period_end,high,Inclusive end date of the period summarized by the metric record.
agg_metrics_periodic,metric_id,high,Canonical identifier for the aggregated business or gameplay metric.
agg_metrics_periodic,country,high,Country dimension used to scope the metric aggregation.
agg_metrics_periodic,platform,high,Device or operating-system platform used to scope the metric aggregation.
agg_metrics_periodic,segment_id,high,Identifier for the player or business segment used in the aggregation.
agg_metrics_periodic,value,high,Computed metric result for the specified period and dimensional scope.
agg_metrics_periodic,numerator,high,Numerical numerator supporting the metric calculation.
agg_metrics_periodic,denominator,high,Population or quantity serving as the denominator for the metric calculation.
agg_metrics_periodic,hll_sketch,high,Serialized HyperLogLog structure used for approximate distinct-count calculations.
agg_metrics_periodic,sample_size,high,"Number of records, users, or observations contributing to the aggregate metric."
agg_metrics_periodic,source_table,high,Name of the warehouse table from which the metric was derived.
agg_metrics_periodic,org_id,high,Identifier for the organization or tenant owning the metric data.
agg_metrics_periodic,game_id,high,Identifier for the game to which the metric applies.
agg_metrics_periodic,game_client_id,medium,"Identifier for the game client, application configuration, or client deployment associated with the metric."
agg_metrics_periodic,created_at,high,Timestamp when the aggregate metric record was created.
agg_metrics_periodic,updated_at,high,Timestamp when the aggregate metric record was last modified or refreshed.
alert_rules,rule_id,high,Unique identifier for the monitoring or metric alert rule.
alert_rules,rule_name,high,Human-readable name describing the alert rule's purpose.
alert_rules,metric_id,high,Identifier for the metric monitored by the alert rule.
alert_rules,benchmark_id,high,Identifier for the benchmark or target definition used by the alert rule.
alert_rules,threshold_mode,medium,"Method used to interpret alert thresholds, such as absolute values, percentages, or benchmark-relative bands."
alert_rules,direction,high,"Expected direction of concern, such as metric below target, above target, or either direction."
alert_rules,warn_pct,high,Percentage deviation from the benchmark that triggers a warning condition.
alert_rules,crit_pct,high,Percentage deviation from the benchmark that triggers a critical alert condition.
alert_rules,band_warn_low,high,Lower metric boundary for the warning range.
alert_rules,band_warn_high,high,Upper metric boundary for the warning range.
alert_rules,breach_logic,medium,Rule logic defining how threshold or benchmark breaches are evaluated.
alert_rules,status,high,"Operational state of the alert rule, such as active, paused, or retired."
alert_rules,is_core,medium,Indicates whether the rule monitors a core metric or business-critical guardrail.
alert_rules,org_id,high,Identifier for the organization or tenant that owns the rule.
alert_rules,game_id,high,Identifier for the game monitored by the rule.
alert_rules,game_client_id,medium,Identifier for the game client or deployment to which the rule applies.
alert_rules,created_at,high,Timestamp when the alert rule was created.
alert_rules,updated_at,high,Timestamp when the alert rule was last updated.
benchmark_targets,benchmark_id,high,Unique identifier for the benchmark target definition.
benchmark_targets,metric_id,high,Identifier for the metric represented by the benchmark.
benchmark_targets,metric_name,high,Human-readable name of the benchmarked metric.
benchmark_targets,segment_id,high,Identifier for the player or business segment to which the benchmark applies.
benchmark_targets,period_grain,high,"Time aggregation level for the benchmark target, such as daily, weekly, or monthly."
benchmark_targets,target_value,high,Reference performance value used as the target for the metric and segment.
benchmark_targets,direction,high,Indicates whether higher or lower metric values represent better performance.
benchmark_targets,band_lo,high,Lower boundary of the acceptable or comparison band around the benchmark.
benchmark_targets,band_hi,high,Upper boundary of the acceptable or comparison band around the benchmark.
benchmark_targets,benchmark_type,high,"Classification of the benchmark, such as internal target, historical baseline, or industry reference."
benchmark_targets,baseline_source,high,Source or methodology used to establish the benchmark baseline.
benchmark_targets,genre_benchmark_value,high,Reference value for comparable games within the same genre.
benchmark_targets,benchmark_note,high,"Additional business context, assumptions, or interpretation guidance for the benchmark."
benchmark_targets,is_core,medium,Indicates whether the benchmark applies to a core business metric or guardrail.
benchmark_targets,org_id,high,Identifier for the organization or tenant that owns the benchmark.
benchmark_targets,game_id,high,Identifier for the game to which the benchmark applies.
benchmark_targets,game_client_id,medium,Identifier for the game client or deployment covered by the benchmark.
benchmark_targets,created_at,high,Timestamp when the benchmark definition was created.
benchmark_targets,updated_at,high,Timestamp when the benchmark definition was last updated.
dbt_events_raw,event_id,high,"Unique identifier for the raw gameplay, monetization, or operational event."
dbt_events_raw,event_name,high,Canonical name identifying the event action or occurrence.
dbt_events_raw,event_category,high,"High-level classification of the event, such as session, revenue, ad, or progression."
dbt_events_raw,event_subcategory,high,More granular classification of the event within its category.
dbt_events_raw,event_version,high,Schema or semantic version of the event definition emitted by the client.
dbt_events_raw,event_timestamp_client,high,Client-reported event time preserved as a string from the source payload.
dbt_events_raw,event_timestamp,high,Event occurrence timestamp preserved as a string from the ingested source record.
dbt_events_raw,ingestion_timestamp,high,"Timestamp at which the event was received or loaded into the analytics platform, preserved as a string."
dbt_events_raw,event_date,high,Calendar date assigned to the event for partitioning and date-based analysis.
dbt_events_raw,event_source,high,Originating system or channel that produced the event.
dbt_events_raw,game_id,high,Identifier for the game generating the event.
dbt_events_raw,game_client_id,medium,"Identifier for the game client, application build, or client configuration that emitted the event."
dbt_events_raw,game_genre,high,"Game genre associated with the event source, used for classification and comparative analysis."
dbt_events_raw,environment,high,"Execution environment in which the event was generated, such as production, staging, or development."
dbt_events_raw,release_id,high,Identifier for the software release associated with the event.
dbt_events_raw,app_version,high,Application version installed when the event was generated.
dbt_events_raw,user_id,high,Game-specific identifier for the player associated with the event.
dbt_events_raw,global_user_id,high,Cross-game or cross-client identity key used to associate activity with a broader player profile.
dbt_events_raw,is_guest,high,Indicates whether the event was generated by a user without a registered or authenticated account.
dbt_events_raw,auth,medium,Authentication state or authentication metadata associated with the player event.
dbt_events_raw,ad_ids,high,Serialized advertising identifiers associated with the device or event context.
dbt_events_raw,device,high,"Serialized device attributes, such as model, operating system, and hardware characteristics."
dbt_events_raw,geo,high,Serialized geographic and locale telemetry associated with the event.
dbt_events_raw,session,high,"Serialized gameplay session context, including the session identifier and related attributes."
dbt_events_raw,user_properties,high,Serialized player attributes and profile properties available when the event was emitted.
dbt_events_raw,experiments,high,Serialized experiment assignments or exposure metadata associated with the player event.
dbt_events_raw,feature_flags,high,Serialized feature-flag states active for the player or client at event time.
dbt_events_raw,liveops_context,high,"Serialized live-operations context, such as active events, offers, campaigns, or content rotations."
dbt_events_raw,event_params,high,Serialized event-specific attributes and values describing the action in detail.
dim_ab_variant,variant_key,high,Warehouse surrogate key uniquely identifying the experiment variant dimension record.
dim_ab_variant,experiment_id,high,Identifier for the experiment containing the variant.
dim_ab_variant,variant_id,high,Business identifier for the experiment variant.
dim_ab_variant,variant_index,high,Numeric ordering of the variant within its experiment.
dim_ab_variant,is_control,high,Indicates whether the variant is the experiment's baseline control group.
dim_ab_variant,variant_label,high,Human-readable label describing the variant treatment or control.
dim_ab_variant,variant_role,medium,Role assigned to the variant within the experimental design.
dim_ab_variant,expected_share_pct,high,Configured percentage of eligible traffic expected to receive the variant.
dim_ab_variant,experiment_status,high,Lifecycle status of the associated experiment.
dim_ab_variant,experiment_outcome,medium,Recorded result or disposition of the associated experiment.
dim_ab_variant,is_shipped_variant,high,Indicates whether this variant was released or selected for production use.
dim_ab_variant,created_at,high,Timestamp when the variant dimension record was created.
dim_ab_variant,updated_date,high,Timestamp indicating when the variant record was last refreshed or modified.
dim_app_version,app_version_key,high,Warehouse surrogate key uniquely identifying an application version record.
dim_app_version,client_id,medium,Identifier for the client application or distribution channel associated with the version.
dim_app_version,game_id,high,Identifier for the game using the application version.
dim_app_version,app_version,high,Full application version string used to identify the client build.
dim_app_version,version_major,high,Major component of the semantic application version number.
dim_app_version,version_minor,high,Minor component of the semantic application version number.
dim_app_version,version_patch,high,Patch component of the semantic application version number.
dim_app_version,release_date,high,Calendar date on which the application version was released.
dim_app_version,release_id,high,Identifier for the deployment or release package associated with the application version.
dim_app_version,release_type,high,"Classification of the release, such as major, minor, hotfix, or beta."
dim_app_version,is_forced_update,high,Indicates whether users must install this version to continue using the game.
dim_app_version,end_of_life_date,high,Date after which the application version is no longer supported or expected to be active.
dim_app_version,first_seen_at,high,Earliest timestamp at which telemetry from this application version was observed.
dim_app_version,last_seen_at,high,Most recent timestamp at which telemetry from this application version was observed.
dim_app_version,created_at,high,Timestamp when the application version dimension record was created.
dim_app_version,updated_at,high,Timestamp when the application version record was last updated.
dim_country,country_key,high,Warehouse surrogate key uniquely identifying the country record.
dim_country,country_code_iso2,high,Two-letter ISO 3166-1 country code used for geographic analysis.
dim_country,country_code_iso3,high,Three-letter ISO 3166-1 country code used for geographic analysis.
dim_country,country_name,high,Standardized human-readable country name.
dim_country,region,high,Broad geographic region to which the country belongs.
dim_country,sub_region,high,More granular geographic grouping within the country region.
dim_country,default_timezone,high,Default time zone used for local-date and time interpretation in the country.
dim_country,default_currency,high,Currency commonly used in the country for localization and monetary reporting.
dim_country,default_language,high,Default or primary language used for country-level localization.
dim_country,country_tier,medium,"Business classification of the country based on market importance, monetization, or operating strategy."
dim_country,privacy_regime,high,Applicable privacy and data-governance classification for the country or jurisdiction.
dim_country,is_sim_relevant,low,"Indicates whether the country is included in simulation, forecasting, or benchmark analyses."
dim_currency,currency_code,high,Standard currency code identifying the monetary unit.
dim_currency,currency_name,high,Human-readable name of the currency.
dim_currency,currency_class,medium,"Classification of the currency, such as fiat, virtual, premium, or promotional currency."
dim_currency,is_premium,high,Indicates whether the currency is a premium in-game currency typically purchased or monetized.
dim_currency,usd_value_per_unit,high,Reference U.S. dollar value assigned to one unit of the currency for revenue and economy analysis.
dim_currency,org_id,high,Identifier for the organization or tenant that owns the currency definition.
dim_currency,game_id,high,Identifier for the game in which the currency is used.
dim_currency,game_client_id,medium,Identifier for the game client or deployment associated with the currency definition.
dim_date,full_date,high,Calendar date used as the primary date key for time-based reporting and period aggregation.
dim_date,year,high,Gregorian calendar year associated with the date.
dim_date,quarter,high,"Calendar quarter number, from 1 through 4, used for quarterly analysis."
dim_date,month,high,"Calendar month number, from 1 through 12, used for monthly aggregation."
dim_date,month_name,high,Display name of the calendar month associated with the date.
dim_date,day_of_month,high,"Ordinal day within the calendar month, from 1 through 31."
dim_date,day_of_week,high,Numeric weekday designation used for daily and weekday-versus-weekend analysis.
dim_date,day_name,high,Display name of the weekday associated with the date.
dim_date,iso_year,high,"ISO 8601 year associated with the date, which may differ from the Gregorian year around year boundaries."
dim_date,iso_week,high,ISO 8601 week number used for standardized weekly reporting.
dim_date,week_start_monday,high,Date of the Monday starting the ISO week containing the calendar date.
dim_date,month_start,high,First calendar date of the month containing the date.
dim_date,quarter_start,high,First calendar date of the quarter containing the date.
dim_date,is_weekend,high,Boolean indicator identifying whether the date falls on a weekend.
dim_device,device_key,high,Warehouse surrogate key uniquely identifying a normalized device record.
dim_device,manufacturer,high,Company that manufactured the player device.
dim_device,model,high,Technical device model identifier used for hardware-level performance and behavior analysis.
dim_device,marketing_name,high,Consumer-facing name of the device model.
dim_device,device_type,high,"Broad device classification, such as phone, tablet, or other supported form factor."
dim_device,device_tier,medium,Performance or commercial tier assigned to the device for segmentation and experience analysis.
dim_device,platform,high,"Operating system ecosystem, typically Android or iOS."
dim_device,ram_mb,high,"Installed device memory capacity in megabytes, useful for performance and crash analysis."
dim_device,cpu_cores,high,Number of processor cores available on the device.
dim_device,gpu_class,medium,Normalized graphics processor performance classification.
dim_device,screen_size_inches,high,Physical display diagonal measured in inches.
dim_device,screen_resolution,high,Display pixel dimensions or normalized resolution label.
dim_device,ppi,high,Display pixel density expressed as pixels per inch.
dim_device,release_year,high,Year in which the device model was commercially released.
dim_device,is_sim_relevant,medium,"Indicates whether the device classification is relevant for simulation, testing, or modeled gameplay analysis."
dim_experiment,experiment_key,high,Warehouse surrogate key uniquely identifying an experiment configuration.
dim_experiment,client_id,high,Client or tenant identifier owning the experiment.
dim_experiment,game_id,high,Identifier of the game in which the experiment is conducted.
dim_experiment,experiment_id,high,Source-system identifier used to reference the experiment.
dim_experiment,experiment_name,high,Human-readable name describing the experiment.
dim_experiment,hypothesis,high,Business or product assumption the experiment is designed to evaluate.
dim_experiment,owner,medium,Person or team accountable for experiment execution and interpretation.
dim_experiment,start_date,high,Calendar date on which experiment traffic or exposure begins.
dim_experiment,end_date,high,Calendar date on which experiment traffic or exposure ends.
dim_experiment,status,high,"Current lifecycle state of the experiment, such as planned, running, completed, or stopped."
dim_experiment,primary_metric,high,Metric designated as the principal success measure for evaluating the experiment.
dim_experiment,guardrail_metrics,high,List of metrics monitored to detect adverse effects while assessing the primary outcome.
dim_experiment,variant_count,high,Number of treatment and control variants configured for the experiment.
dim_experiment,variants,high,List of configured variant identifiers or names included in the experiment.
dim_experiment,traffic_allocation_pct,high,Percentage of eligible traffic allocated to the experiment.
dim_experiment,outcome,medium,"Recorded conclusion or result of the experiment, such as winner, no impact, or inconclusive."
dim_experiment,created_at,high,Timestamp when the experiment record was created.
dim_experiment,updated_at,high,Timestamp of the most recent update to the experiment record.
dim_metric,metric_id,high,Stable identifier for the governed analytical metric.
dim_metric,metric_name,high,Human-readable name of the metric used in reporting and analysis.
dim_metric,metric_category,high,"Business classification of the metric, such as engagement, retention, revenue, or monetization."
dim_metric,metric_type,medium,"Logical metric classification, such as count, rate, ratio, amount, or score."
dim_metric,definition,high,Business definition explaining what the metric measures and how it should be interpreted.
dim_metric,numerator_definition,high,Definition of the numerator used when calculating a ratio or rate metric.
dim_metric,denominator_definition,high,Definition of the denominator used when calculating a ratio or rate metric.
dim_metric,source_events,high,Event names that provide the underlying behavioral or transactional inputs for the metric.
dim_metric,source_tables,high,Warehouse tables from which the metric is derived.
dim_metric,time_grain,high,"Time granularity at which the metric is evaluated, such as daily, weekly, or monthly."
dim_metric,aggregation_window,high,"Observation period used to calculate the metric, such as seven-day, lifetime, or session-level."
dim_metric,eligibility_criteria,high,"Rules determining which players, events, or records are included in the metric population."
dim_metric,filters_applied,high,Documented filters applied before metric aggregation.
dim_metric,segmentation_compatible,high,Indicates whether the metric can be reliably analyzed across player or behavioral segments.
dim_metric,ab_test_compatible,high,Indicates whether the metric is suitable for experiment comparison and lift analysis.
dim_metric,ai_consumable,high,Indicates whether the metric is approved for use by GeoPlay AI models and agents.
dim_metric,metric_owner,high,Person or team responsible for metric governance and maintenance.
dim_metric,metric_status,high,"Operational status of the metric definition, such as active, draft, or retired."
dim_metric,version,high,Version identifier for the metric definition and calculation logic.
dim_metric,first_available_date,high,First date on which the metric became available for reporting.
dim_metric,refresh_cadence,high,Scheduled frequency at which the metric is recalculated or refreshed.
dim_metric,data_latency_sla,high,Service-level expectation for the delay between source event availability and metric availability.
dim_metric,guardrails,medium,Constraints or monitoring thresholds used to protect metric interpretation and downstream decisions.
dim_metric,known_caveats,high,"Documented limitations, exclusions, biases, or interpretation risks associated with the metric."
dim_metric,deprecation_status,high,Indicator of whether the metric is scheduled for retirement or no longer recommended.
dim_metric,replacement_metric,medium,Identifier of the metric recommended as a successor when this metric is deprecated.
dim_metric,metric_domain,high,"Primary analytical domain covered by the metric, such as players, sessions, ads, experiments, or revenue."
dim_metric,aggregation_type,high,"Mathematical aggregation method used to produce the metric, such as sum, average, count, or distinct count."
dim_metric,tier,medium,Governance or business importance tier assigned to the metric.
dim_metric,unit,high,"Measurement unit in which the metric is expressed, such as users, seconds, dollars, or percentage points."
dim_metric,is_higher_better,high,Indicates whether higher metric values represent better business or player outcomes.
dim_metric,sort_order,high,Configured numeric order for presenting metrics in dashboards or analytical outputs.
dim_metric,concept_key,medium,Identifier linking the metric to a broader governed business concept.
dim_metric,metric_scope,high,"Population or entity scope to which the metric applies, such as player, session, game, or organization."
dim_metric,source_tables_applied,medium,Source tables actually used by the deployed metric calculation.
dim_metric,observability_status,medium,Current data-quality or monitoring state of the metric pipeline.
dim_metric,is_canonical_concept,high,Indicates whether the record represents the authoritative metric concept for the organization.
dim_metric,org_id,high,Organization or tenant that owns the metric definition.
dim_metric,game_id,high,Game to which the metric definition applies.
dim_metric,game_client_id,medium,Client or application identifier for the game implementation producing the metric inputs.
dim_metric,created_at,high,Timestamp when the metric definition was created.
dim_metric,updated_at,high,Timestamp of the most recent metric definition update.
dim_offer,sku_id,high,Unique store or game-economy identifier for the purchasable offer.
dim_offer,org_id,high,Organization or tenant that owns the offer.
dim_offer,game_id,high,Game in which the offer is available.
dim_offer,sku_family,medium,Grouping of related offers or product variants for portfolio-level monetization analysis.
dim_offer,category,high,"Business category assigned to the offer, such as currency, bundle, subscription, or cosmetic."
dim_offer,sku_type,medium,Specific commercial or product type of the offer.
dim_offer,release_id,medium,Release or content-cycle identifier associated with the offer.
dim_offer,price_usd,high,Listed offer price normalized to U.S. dollars for revenue and price-point analysis.
dim_release_cycle,release_cycle_key,high,Warehouse surrogate key uniquely identifying a game release cycle.
dim_release_cycle,client_id,high,Client or tenant responsible for the release cycle.
dim_release_cycle,game_id,high,Game associated with the release cycle.
dim_release_cycle,release_id,high,Source identifier for the application or content release.
dim_release_cycle,release_label,high,Human-readable label used to identify the release cycle.
dim_release_cycle,primary_app_version,high,Main application version associated with the release.
dim_release_cycle,release_date,high,Calendar date when the release became available to players.
dim_release_cycle,day_number,medium,Sequential day number within the release-cycle reporting timeline.
dim_release_cycle,release_type,high,"Classification of the release, such as major, minor, hotfix, or content update."
dim_release_cycle,release_theme,medium,Thematic or promotional concept associated with the release.
dim_release_cycle,release_notes,high,"Textual summary of changes, features, fixes, or content included in the release."
dim_release_cycle,android_adoption_d0_pct,high,Percentage of Android active or eligible players adopting the release on release day.
dim_release_cycle,android_adoption_d1_pct,high,Percentage of Android active or eligible players adopting the release one day after launch.
dim_release_cycle,android_adoption_d2_pct,high,Percentage of Android active or eligible players adopting the release two days after launch.
dim_release_cycle,android_adoption_d7_pct,high,Percentage of Android active or eligible players adopting the release seven days after launch.
dim_release_cycle,ios_adoption_d0_pct,high,Percentage of iOS active or eligible players adopting the release on release day.
dim_release_cycle,ios_adoption_d1_pct,high,Percentage of iOS active or eligible players adopting the release one day after launch.
dim_release_cycle,ios_adoption_d2_pct,high,Percentage of iOS active or eligible players adopting the release two days after launch.
dim_release_cycle,ios_adoption_d7_pct,high,Percentage of iOS active or eligible players adopting the release seven days after launch.
dim_release_cycle,ios_release_delay_days,high,Number of days between the primary release availability and its iOS availability.
dim_release_cycle,is_rollback,high,Indicates whether the release represents a rollback to a prior application state.
dim_release_cycle,created_at,high,Timestamp when the release-cycle record was created.
dim_release_cycle,updated_at,high,Timestamp of the most recent release-cycle record update.
dim_segment,segment_id,high,Stable identifier for the player segment definition.
dim_segment,segment_key,medium,Business or warehouse key used to reference the segment across analytical datasets.
dim_segment,segment_name,high,Human-readable name describing the player cohort or classification.
dim_segment,tier,medium,Hierarchical or business priority tier assigned to the segment.
dim_segment,is_exclusive,high,Indicates whether a player can belong to only one segment within the applicable segment framework.
dim_segment,is_overlay,high,Indicates whether the segment is an additional behavioral overlay rather than a mutually exclusive base classification.
dim_segment,tier_display_order,high,Configured presentation order for segment tiers.
dim_segment,segment_display_order,high,Configured presentation order for segments within their tier or hierarchy.
dim_segment,is_core,high,Indicates whether the segment is part of the standard core segmentation framework.
dim_segment,org_id,high,Organization or tenant that owns the segment definition.
dim_segment,game_id,high,Game to which the segment definition applies.
dim_segment,game_client_id,medium,Client or application identifier associated with the segment definition.
dim_segment,created_at,high,Timestamp when the segment record was created.
dim_segment,updated_at,high,Timestamp of the most recent segment record update.
dim_user,user_id,high,"Source-system identifier for the player used to associate gameplay, monetization, and behavioral records."
dim_user,org_id,high,Organization or tenant associated with the player record.
dim_user,game_id,high,Game in which the player is registered or observed.
dim_user,first_seen,high,Date on which the player was first observed in game activity or telemetry.
dim_user,last_seen,high,Most recent date on which the player was observed in game activity or telemetry.
dim_user,install_date,high,Date on which the player installed the game.
dim_user,cohort_date,high,Reference date used to assign the player to a retention or acquisition cohort.
dim_user,latest_days_since_install,high,Number of elapsed days between installation and the latest player snapshot or activity.
dim_user,latest_player_level,high,Highest or most recently recorded player progression level.
dim_user,acquisition_source,high,Marketing or acquisition source credited with bringing the player to the game.
dim_user,language,high,Preferred or detected player language used for localization and segmentation.
dim_user,primary_platform,high,Platform most strongly associated with the player's game usage.
dim_user,primary_country,high,Country most strongly associated with the player for geographic reporting.
dim_user,device_type,high,Primary device form factor used by the player.
dim_user,device_brand,high,Brand or manufacturer of the player's primary device.
dim_user,device_model,high,Model identifier of the player's primary device.
dim_user,os_version,high,Operating system version most recently associated with the player.
dim_user,app_version,high,Most recently observed game application version used by the player.
dim_user,install_month,high,Month label derived from installation date for cohort aggregation.
dim_user,user_surrogate_key,high,Warehouse-generated numeric key used for efficient joins and historized player records.
dim_user,global_user_id,high,Cross-game or cross-client identifier used to link the same player across GeoPlay properties.
dim_user,install_country_key,high,Normalized key identifying the country associated with the player's installation.
dim_user,acquisition_network_key,high,Normalized key identifying the advertising or acquisition network credited for the install.
dim_user,current_segment,high,Most recently assigned player segment used for targeting and behavioral analysis.
dim_user,valid_from,high,Timestamp from which this historized player-dimension version is effective.
dim_user,valid_to,high,Timestamp through which this historized player-dimension version remains effective.
dim_user,is_current,high,Indicates whether the record is the currently effective version for the player.
dim_user,version_number,high,Sequential version number for the historized player record.
dim_user,updated_date,medium,Timestamp or date when the player dimension record was last refreshed.
dim_user_profile,org_id,high,Organization or tenant associated with the player profile.
dim_user_profile,game_id,high,Game associated with the player profile.
dim_user_profile,game_client_id,medium,Client or application identifier associated with the profile.
dim_user_profile,user_id,high,Player identifier used to connect the profile to gameplay and transaction records.
dim_user_profile,primary_country,high,Country most representative of the player's overall activity.
dim_user_profile,primary_platform,high,Platform most representative of the player's game usage.
dim_user_profile,last_country,high,Country associated with the player's most recent observed activity.
dim_user_profile,last_platform,high,Platform associated with the player's most recent observed activity.
dim_user_profile,install_month,high,Month of installation used for cohort analysis.
dim_user_profile,install_date,high,Date on which the player installed the game.
dim_user_profile,latest_player_level,high,Most recently recorded player progression level.
dim_user_profile,lifetime_sessions,high,Total number of gameplay sessions recorded for the player over the available lifetime.
dim_user_profile,lifetime_revenue_usd,high,Cumulative player-generated revenue normalized to U.S. dollars.
dim_user_profile,lifetime_ad_impressions,high,Cumulative number of advertising impressions attributed to the player.
dim_user_profile,lifetime_days_active,high,Count of distinct days on which the player was active.
dim_user_profile,lifetime_purchases,high,Cumulative count of completed player purchases.
dim_user_profile,avg_session_sec,high,Average gameplay session duration in seconds over the available player history.
dim_user_profile,avg_sessions_per_active_day,high,Average number of gameplay sessions per day on which the player was active.
dim_user_profile,first_seen,high,Date when the player was first observed in the game.
dim_user_profile,last_seen,high,Most recent date when the player was observed in the game.
dim_user_profile,days_since_install,high,Elapsed days from installation to the profile snapshot or refresh date.
dim_user_profile,days_since_last_active,high,"Elapsed days since the player's most recent active day, supporting recency and churn analysis."
dim_user_profile,ltv_usd,high,Estimated or realized player lifetime value expressed in U.S. dollars.
dim_user_profile,payer_status,high,Classification indicating whether and how recently the player has made purchases.
dim_user_profile,lifetime_spend_bucket,high,Categorical band representing the player's cumulative spend level.
dim_user_profile,lifetime_best_score,high,Highest recorded gameplay score achieved by the player.
dim_user_profile,favorite_mode,medium,Gameplay mode in which the player has demonstrated the greatest engagement or usage.
dim_user_profile,total_runs,high,Cumulative number of gameplay runs or attempts completed by the player.
events_raw,event_id,high,Unique identifier for the individual telemetry event.
events_raw,event_name,high,"Name of the gameplay, monetization, advertising, or system event recorded by the client."
events_raw,event_timestamp,high,Precise timestamp at which the event occurred or was recorded.
events_raw,event_date,high,Calendar date derived from the event timestamp for partitioning and daily analysis.
events_raw,user_id,high,Player identifier associated with the event.
events_raw,game_id,high,Game from which the event originated.
events_raw,game_client_id,medium,Client application or game implementation that generated the event.
events_raw,country,medium,"Country associated with the event based on device, account, or telemetry location."
events_raw,platform,high,Operating system platform from which the event was generated.
events_raw,user_properties,high,Serialized set of player attributes captured or attached at event time.
events_raw,device,high,Serialized device information associated with the event.
events_raw,geo,high,Serialized geographic or location context associated with the event.
events_raw,session,high,"Serialized session context, such as session identifier and session-level attributes."
events_raw,event_source,high,"Originating system, SDK, service, or ingestion channel that produced the event."
events_raw,event_params,high,Serialized event-specific parameters containing contextual values for the recorded action.
events_raw,_dlt_load_id,high,Data-loading pipeline identifier linking the record to a specific ingestion batch.
events_raw,_dlt_id,high,Technical identifier assigned by the dlt ingestion framework for record-level lineage and deduplication.
exp_dim_user,model_name,medium,Name of the data model or export process that produced the user dimension extract.
exp_dim_user,game_id,high,Identifier of the game whose user dimension data was exported.
exp_dim_user,rows_exported,high,Number of user dimension records included in the most recent export run.
exp_dim_user,export_ran,medium,Boolean indicator showing whether the user dimension export process completed or was attempted for the run.
exp_dim_user,last_run_at,high,Timestamp when the user dimension export process most recently ran.
exp_dim_user,watermark_used,high,Timestamp boundary used by the export process to select incremental user dimension records.
exp_dim_user,watermark_ts,high,Latest source timestamp recorded as the incremental extraction watermark for the user dimension.
exp_events_raw,model_name,medium,Name of the data model or export process that produced the raw event extract.
exp_events_raw,game_id,high,Identifier of the game whose raw event data was exported.
exp_events_raw,rows_exported,high,Number of raw event records included in the most recent export run.
exp_events_raw,export_ran,medium,Boolean indicator showing whether the raw event export process completed or was attempted for the run.
exp_events_raw,last_run_at,high,Timestamp when the raw event export process most recently ran.
exp_events_raw,watermark_used,high,Timestamp boundary used to select incremental raw event records for export.
exp_events_raw,watermark_ts,high,Latest source timestamp recorded as the incremental extraction watermark for raw events.
fact_ab_assignment,assignment_id,high,Unique identifier for a player's experiment assignment record.
fact_ab_assignment,user_id,high,Game-specific identifier for the player assigned to an experiment.
fact_ab_assignment,global_user_id,high,Cross-game or enterprise identifier used to link the player across products and platforms.
fact_ab_assignment,experiment_id,high,Identifier of the A/B test or controlled experiment receiving the assignment.
fact_ab_assignment,variant_id,high,Identifier of the experiment variant assigned to the player.
fact_ab_assignment,assignment_version,medium,Version number of the assignment logic or experiment configuration used for allocation.
fact_ab_assignment,assignment_timestamp_utc,high,UTC timestamp when the player was allocated to the experiment variant.
fact_ab_assignment,assignment_date,high,Calendar date on which the experiment assignment occurred.
fact_ab_assignment,assignment_sim_day,medium,Simulation or experiment-relative day associated with the assignment.
fact_ab_assignment,country_key,high,Warehouse surrogate key identifying the player's country at assignment time.
fact_ab_assignment,country_code,high,Country code associated with the player when assigned to the experiment.
fact_ab_assignment,device_key,high,Warehouse key identifying the player's device context at assignment time.
fact_ab_assignment,platform,high,"Operating platform, such as iOS or Android, recorded for the assignment."
fact_ab_assignment,app_version_key,high,Warehouse key identifying the application version active at assignment time.
fact_ab_assignment,release_id,high,Identifier of the game release associated with the assignment.
fact_ab_assignment,acquisition_source,high,Marketing or organic acquisition source attributed to the player at assignment.
fact_ab_assignment,acquisition_network_key,high,Warehouse key identifying the user acquisition network associated with the player.
fact_ab_assignment,user_segment,high,Player segment classification available when the experiment assignment was created.
fact_ab_assignment,days_since_install,high,Number of days elapsed since the player's installation at assignment time.
fact_ab_assignment,is_first_session_assignment,high,Indicates whether the assignment occurred during the player's first gameplay session.
fact_ab_assignment,exposure_event_id,high,Identifier of the event that recorded or triggered the player's experiment exposure.
fact_ab_assignment,exposure_event_name,high,Name of the event representing the player's experiment exposure.
fact_ab_assignment,source_system,high,Source application or platform from which the assignment record originated.
fact_ab_assignment,updated_date,high,Timestamp when the assignment record was last updated in the warehouse.
fact_ab_assignment,is_excluded_from_readout,high,Indicates whether the assignment is excluded from experiment performance reporting.
fact_ab_assignment,exclusion_reason,high,Reason the assignment was excluded from experiment analysis or reporting.
fact_ab_daily,org_id,high,Identifier of the organization or tenant that owns the experiment data.
fact_ab_daily,game_id,high,Identifier of the game associated with the daily experiment metrics.
fact_ab_daily,game_client_id,high,Identifier of the game client or application instance generating the experiment data.
fact_ab_daily,experiment_id,high,Identifier of the experiment summarized by the daily metrics.
fact_ab_daily,variant_id,high,Identifier of the experiment variant represented by the daily metrics.
fact_ab_daily,event_date,high,Calendar date for the daily experiment activity and outcomes.
fact_ab_daily,exposed_users,high,Number of distinct users exposed to the variant on the event date.
fact_ab_daily,cum_exposed_users,high,Cumulative number of users exposed to the variant through the event date.
fact_ab_daily,payers,high,Number of exposed users who generated qualifying payments on the event date.
fact_ab_daily,cum_payers,high,Cumulative number of exposed users who have paid through the event date.
fact_ab_daily,payer_conversion,high,Share of relevant exposed users who converted to payers for the daily period.
fact_ab_daily,revenue_usd,high,"Revenue attributed to the variant on the event date, expressed in US dollars."
fact_ab_daily,arppu,high,"Average revenue per paying user for the variant during the daily period, in US dollars."
fact_ab_daily,coins_granted,high,Total quantity of virtual coins granted to users in the variant on the event date.
fact_ab_exposure,org_id,high,Identifier of the organization or tenant that owns the exposure data.
fact_ab_exposure,game_id,high,Identifier of the game associated with the experiment exposure.
fact_ab_exposure,game_client_id,high,Identifier of the game client or application instance associated with the exposure.
fact_ab_exposure,experiment_id,high,Identifier of the experiment to which the user was exposed.
fact_ab_exposure,user_id,high,Identifier of the player whose experiment exposure and outcomes are summarized.
fact_ab_exposure,variant_id,high,Identifier of the experiment variant assigned to the user.
fact_ab_exposure,first_exposure_date,high,Date on which the user was first exposed to the experiment variant.
fact_ab_exposure,last_exposure_date,high,Most recent date on which the user was exposed to the experiment variant.
fact_ab_exposure,exposure_days,high,Number of distinct days on which the user received or generated experiment exposure.
fact_ab_exposure,converted,high,Indicates whether the exposed user completed the defined conversion action.
fact_ab_exposure,first_conversion_date,high,Date on which the exposed user first completed the defined conversion action.
fact_ab_exposure,purchases,high,Number of qualifying purchases attributed to the exposed user.
fact_ab_exposure,revenue_usd,high,"Total attributed revenue generated by the exposed user, expressed in US dollars."
fact_ab_exposure,coins_granted,high,Total quantity of virtual coins granted to the exposed user.
fact_ab_exposure_daily,event_date,high,Calendar date on which the user's daily experiment activity was recorded.
fact_ab_exposure_daily,experiment_id,high,Identifier of the experiment associated with the user's daily activity.
fact_ab_exposure_daily,variant_id,high,Identifier of the variant assigned to the user.
fact_ab_exposure_daily,user_id,high,Identifier of the player whose daily exposure and outcome metrics are recorded.
fact_ab_exposure_daily,exposure_key,medium,Unique or composite key identifying the user's experiment exposure record.
fact_ab_exposure_daily,assignment_date,high,Date on which the user was assigned to the experiment variant.
fact_ab_exposure_daily,days_since_assignment,high,Number of elapsed days between assignment and the recorded activity date.
fact_ab_exposure_daily,is_control,high,Indicates whether the user's assigned variant is the experiment control group.
fact_ab_exposure_daily,variant_label,high,Human-readable name or label for the assigned experiment variant.
fact_ab_exposure_daily,experiment_status,high,Lifecycle status of the experiment when the daily record was generated.
fact_ab_exposure_daily,is_shipped_variant,high,Indicates whether the assigned variant was included in the released game build or production experience.
fact_ab_exposure_daily,experiment_day_index,high,Sequential day number within the experiment timeline.
fact_ab_exposure_daily,country_code,high,Country associated with the user during the daily experiment observation.
fact_ab_exposure_daily,platform,high,Operating platform used by the player during the daily observation.
fact_ab_exposure_daily,release_label,high,Human-readable release identifier associated with the player's daily experiment experience.
fact_ab_exposure_daily,current_segment,high,Player segment classification effective on the observation date.
fact_ab_exposure_daily,days_since_install,high,Number of days elapsed since the player installed the game.
fact_ab_exposure_daily,app_version,high,Application version used by the player on the observation date.
fact_ab_exposure_daily,sessions_today,high,Number of gameplay sessions recorded for the user on the observation date.
fact_ab_exposure_daily,playtime_seconds_today,high,"Total gameplay duration recorded for the user on the observation date, in seconds."
fact_ab_exposure_daily,gameplays_today,medium,Number of gameplay attempts or rounds completed by the user on the observation date.
fact_ab_exposure_daily,crashes_today,high,Number of application crashes attributed to the user on the observation date.
fact_ab_exposure_daily,is_new_install_today,high,Indicates whether the user installed the game on the observation date.
fact_ab_exposure_daily,is_returning_today,high,Indicates whether the user returned and was active after a prior period without activity.
fact_ab_exposure_daily,completed_ftue_today,high,Indicates whether the user completed the first-time user experience on the observation date.
fact_ab_exposure_daily,iap_revenue_usd_today,high,"In-app purchase revenue generated by the user on the observation date, in US dollars."
fact_ab_exposure_daily,iap_purchases_today,high,Number of in-app purchase transactions completed by the user on the observation date.
fact_ab_exposure_daily,is_payer_today,high,Indicates whether the user made at least one qualifying payment on the observation date.
fact_ab_exposure_daily,is_first_purchase_today,high,Indicates whether the user completed their first recorded purchase on the observation date.
fact_ab_exposure_daily,lifetime_iap_revenue_usd_eod,high,"Cumulative in-app purchase revenue through the end of the observation date, in US dollars."
fact_ab_exposure_daily,ad_impressions_today,high,Number of advertising impressions served to the user on the observation date.
fact_ab_exposure_daily,ad_revenue_usd_today,high,"Advertising revenue attributed to the user on the observation date, in US dollars."
fact_ab_exposure_daily,total_revenue_usd_today,high,"Combined IAP and advertising revenue attributed to the user on the observation date, in US dollars."
fact_ab_exposure_daily,updated_date,high,Timestamp when the daily exposure record was last updated in the warehouse.
fact_ab_srm_daily,event_date,high,Calendar date on which sample-ratio monitoring metrics were calculated.
fact_ab_srm_daily,experiment_id,high,Identifier of the experiment being evaluated for sample-ratio imbalance.
fact_ab_srm_daily,variant_id,high,Identifier of the experiment variant included in the SRM calculation.
fact_ab_srm_daily,srm_key,medium,Unique or composite key identifying the sample-ratio monitoring record.
fact_ab_srm_daily,is_control,high,Indicates whether the variant is the experiment control group.
fact_ab_srm_daily,variant_label,high,Human-readable name or label for the experiment variant.
fact_ab_srm_daily,variant_role,high,"Functional role of the variant in the experiment, such as control or treatment."
fact_ab_srm_daily,expected_share_pct,high,Configured percentage of assignments expected for the variant.
fact_ab_srm_daily,experiment_status,high,Lifecycle status of the experiment on the monitoring date.
fact_ab_srm_daily,experiment_outcome,medium,Recorded decision or result associated with the experiment.
fact_ab_srm_daily,is_shipped_variant,high,Indicates whether the variant was included in the released production experience.
fact_ab_srm_daily,experiment_day_index,high,Sequential day number within the experiment timeline.
fact_ab_srm_daily,variant_count_in_experiment,high,Number of variants configured within the experiment.
fact_ab_srm_daily,cumulative_users,high,Cumulative number of users assigned to the variant through the monitoring date.
fact_ab_srm_daily,experiment_total_users_eod,high,Total cumulative users assigned across all experiment variants at end of day.
fact_ab_srm_daily,actual_share_pct,high,Observed percentage of total experiment users assigned to the variant.
fact_ab_srm_daily,expected_users,high,Statistically expected number of users assigned to the variant based on its configured allocation share.
fact_ab_srm_daily,share_delta_pct,high,Difference between the observed and expected assignment shares for the variant.
fact_ab_srm_daily,new_assignments_today,high,Number of users newly assigned to the variant on the monitoring date.
fact_ab_srm_daily,chi_square_stat,high,Chi-square test statistic measuring deviation between observed and expected assignment counts.
fact_ab_srm_daily,chi_square_df,high,Degrees of freedom used in the chi-square sample-ratio mismatch test.
fact_ab_srm_daily,chi_square_p_value,high,P-value from the chi-square test evaluating whether assignment deviations are statistically significant.
fact_ab_srm_daily,is_srm_violation,high,Indicates whether the observed assignment distribution violates the configured sample ratio at the defined statistical threshold.
fact_ab_srm_daily,updated_date,high,Timestamp when the SRM monitoring record was last updated in the warehouse.
fact_ad_events,event_id,high,Unique identifier for the advertising event record.
fact_ad_events,org_id,high,Identifier of the organization or tenant associated with the advertising event.
fact_ad_events,game_id,high,Identifier of the game in which the advertising event occurred.
fact_ad_events,user_id,high,Identifier of the player associated with the advertising event.
fact_ad_events,event_date,high,Calendar date on which the advertising event occurred.
fact_ad_events,ad_event_type,high,"Type of advertising lifecycle event, such as impression, click, completion, or revenue event."
fact_ad_events,ad_network,high,Advertising mediation network or demand partner associated with the event.
fact_ad_events,placement,high,In-game location or placement where the advertisement was presented.
fact_ad_events,ad_type,high,"Format of the advertisement, such as rewarded video, interstitial, or banner."
fact_ad_events,revenue_usd,high,"Advertising revenue attributed to the event, expressed in US dollars."
fact_ad_events,country,high,Country associated with the player or advertising event.
fact_ad_events,platform,high,Operating platform on which the advertising event occurred.
fact_app_health,event_id,high,Unique identifier for the application health event.
fact_app_health,org_id,high,Identifier of the organization or tenant associated with the health event.
fact_app_health,game_id,high,Identifier of the game generating the application health event.
fact_app_health,game_client_id,high,Identifier of the game client or application instance generating the health event.
fact_app_health,user_id,high,"Identifier of the player associated with the application health event, when available."
fact_app_health,session_id,high,Identifier of the gameplay session during which the health event occurred.
fact_app_health,event_date,high,Calendar date on which the application health event occurred.
fact_app_health,health_event_type,high,"Category of application health signal, such as crash, error, performance issue, or latency event."
fact_app_health,severity,high,Impact level assigned to the application health event.
fact_app_health,error_type,high,Classification of the application error associated with the event.
fact_app_health,error_code,high,Source-system or application-specific code identifying the reported error.
fact_app_health,surface,high,"Application surface, feature, or interface area where the health issue occurred."
fact_app_health,crash_reason,high,Reported cause or diagnostic explanation for an application crash.
fact_app_health,last_screen,high,Most recent application screen recorded before the health event occurred.
fact_app_health,latency_duration_ms,high,"Measured application or service latency associated with the event, in milliseconds."
fact_app_health,fps,high,Frames-per-second measurement captured during the health event.
fact_app_health,os_version,high,Operating system version running on the player's device.
fact_app_health,app_version,high,Application version installed when the health event occurred.
fact_app_health,device_type,high,Category or model class of the player's device.
fact_app_health,platform,high,Operating platform on which the health event was observed.
fact_competition,entry_id,high,Unique identifier for the player's competition entry.
fact_competition,org_id,high,Identifier of the organization or tenant associated with the competition entry.
fact_competition,game_id,high,Identifier of the game hosting the competition.
fact_competition,game_client_id,high,Identifier of the game client or application instance used for the competition.
fact_competition,user_id,high,Identifier of the player participating in the competition.
fact_competition,competition_type,high,Category of competition or competitive activity entered by the player.
fact_competition,competition_id,high,Identifier of the competition definition or instance.
fact_competition,tournament_id,high,Identifier of the tournament containing the player's competition entry.
fact_competition,live_event_id,high,Identifier of the live operations event associated with the competition.
fact_competition,entry_date,high,Calendar date on which the player entered the competition.
fact_competition,best_score,high,Highest score achieved by the player during the competition entry.
fact_competition,progress,high,Player's accumulated progress toward the competition objective.
fact_competition,target,high,Required or configured objective value for the competition.
fact_competition,progress_pct,high,Player's progress toward the competition target expressed as a percentage.
fact_competition,best_gameplay_id,high,Identifier of the gameplay attempt that produced the player's best score.
fact_competition,best_rank,high,Highest ranking achieved by the player during the competition.
fact_competition,final_rank,high,Player's final position in the competition leaderboard.
fact_competition,final_score,high,Player's score recorded at the end of the competition.
fact_competition,entry_fee_coins,high,Quantity of virtual coins required to enter the competition.
fact_competition,entry_tier,high,Competition entry level or pricing tier selected by the player.
fact_competition,competition_status,high,"Current lifecycle state of the competition entry, such as active, completed, or forfeited."
fact_competition,reward_claimed,high,Indicates whether the player claimed the reward associated with the competition entry.
fact_competition,reward_ref,high,Reference identifier for the reward granted or made available from the competition.
fact_competition,entry_source,high,Channel or in-game mechanism through which the player entered the competition.
fact_competition,joined_at,high,Recorded date and time when the player joined the competition.
fact_competition,completed_at,high,Recorded date and time when the player's competition participation was completed.
fact_competition,reward_claimed_at,high,Recorded date and time when the player claimed the competition reward.
fact_currency_transactions,transaction_id,high,Unique identifier for the virtual currency transaction or balance movement.
fact_currency_transactions,org_id,high,Identifier of the organization or tenant that owns the recorded currency activity.
fact_currency_transactions,game_id,high,Identifier of the game in which the currency transaction occurred.
fact_currency_transactions,game_client_id,medium,"Identifier for the specific game client, deployment, or client configuration associated with the transaction."
fact_currency_transactions,user_id,high,Unique identifier for the player associated with the currency transaction.
fact_currency_transactions,event_date,high,"Calendar date on which the currency transaction was recorded, supporting daily aggregation and trend analysis."
fact_currency_transactions,gameplay_id,medium,Identifier linking the currency movement to the gameplay activity or round that generated it.
fact_currency_transactions,currency_type,high,Type of virtual or in-game currency involved in the transaction.
fact_currency_transactions,flow_type,high,"Direction of the currency movement, such as currency earned, granted, spent, or removed."
fact_currency_transactions,flow_category,high,Business classification identifying the source or sink category responsible for the currency movement.
fact_currency_transactions,amount,high,"Integer quantity of currency added, removed, or transferred in the transaction."
fact_currency_transactions,balance_before,high,Player currency balance immediately before the transaction was applied.
fact_currency_transactions,balance_after,high,Player currency balance immediately after the transaction was applied.
fact_currency_transactions,country,high,Country associated with the player or device at the time of the currency activity.
fact_currency_transactions,platform,high,Device or operating-system platform on which the currency activity occurred.
fact_ftue_steps,event_id,high,Unique identifier for the FTUE step event record.
fact_ftue_steps,org_id,high,Identifier of the organization or tenant that owns the FTUE event data.
fact_ftue_steps,game_id,high,Identifier of the game in which the onboarding step occurred.
fact_ftue_steps,user_id,high,Unique identifier for the player progressing through the first-time user experience.
fact_ftue_steps,event_date,high,Calendar date on which the FTUE event was recorded.
fact_ftue_steps,ftue_event_type,high,"Classification of the onboarding event, such as step start, completion, skip, or exit."
fact_ftue_steps,ftue_id,high,Identifier for the first-time user experience flow or instance.
fact_ftue_steps,step_id,high,Identifier for the specific onboarding step represented by the event.
fact_ftue_steps,step_index,high,Ordinal position of the onboarding step within the FTUE sequence.
fact_ftue_steps,completion_time_sec,high,Elapsed time in seconds required to complete the associated onboarding step.
fact_ftue_steps,skip_reason,medium,Recorded reason why the player skipped or bypassed the onboarding step.
fact_ftue_steps,total_steps,high,Total number of steps configured in the applicable FTUE flow.
fact_ftue_steps,entry_point,medium,Game entry context or acquisition path through which the player entered the FTUE flow.
fact_ftue_steps,country,high,Country associated with the player or device during the onboarding event.
fact_ftue_steps,platform,high,Device or operating-system platform on which the onboarding event occurred.
fact_gameplay,org_id,high,Identifier of the organization or tenant that owns the gameplay record.
fact_gameplay,game_id,high,Identifier of the game associated with the gameplay activity.
fact_gameplay,user_id,high,Unique identifier for the player participating in the gameplay activity.
fact_gameplay,session_id,high,Identifier linking the gameplay activity to the player session in which it occurred.
fact_gameplay,event_date,high,Calendar date on which the gameplay activity was recorded.
fact_gameplay,gameplay_id,high,"Unique identifier for the gameplay attempt, round, or completed activity."
fact_gameplay,game_mode,high,Mode or format of gameplay in which the activity took place.
fact_gameplay,attempt_number,high,"Sequential attempt number for the relevant level, challenge, or gameplay activity."
fact_gameplay,entry_source,medium,"Feature, navigation path, or trigger that initiated the gameplay activity."
fact_gameplay,start_level,high,Player or game level at which the gameplay activity began.
fact_gameplay,outcome,high,"Result of the gameplay activity, such as win, loss, completion, or abandonment."
fact_gameplay,end_reason,high,"Reason the gameplay activity ended, including completion, failure, timeout, or exit."
fact_gameplay,duration_sec,high,Gameplay activity duration measured in seconds.
fact_gameplay,score,high,Integer score achieved during the gameplay activity.
fact_gameplay,moves_used,high,Number of moves consumed during the gameplay activity.
fact_gameplay,level_reached,high,Highest level or progression point reached during the gameplay activity.
fact_gameplay,stars,high,Integer star rating or achievement count earned for the gameplay activity.
fact_gameplay,country,high,Country associated with the player or device during gameplay.
fact_gameplay,platform,high,Device or operating-system platform on which gameplay occurred.
fact_gameplay,app_version,high,Application version installed when the gameplay activity occurred.
fact_metrics_daily,event_date,high,Calendar date for which the daily metric was calculated.
fact_metrics_daily,org_id,high,Identifier of the organization or tenant owning the metric.
fact_metrics_daily,game_id,high,Identifier of the game for which the metric was calculated.
fact_metrics_daily,game_client_id,medium,"Identifier for the game client, deployment, or client configuration included in the metric scope."
fact_metrics_daily,metric_id,high,Identifier for the standardized metric definition being reported.
fact_metrics_daily,country,high,Country dimension used to segment the daily metric.
fact_metrics_daily,platform,high,Platform dimension used to segment the daily metric.
fact_metrics_daily,segment_id,high,Identifier for the player segment or cohort to which the metric applies.
fact_metrics_daily,value,high,Calculated daily metric value for the specified dimensions and metric definition.
fact_metrics_daily,numerator,high,"Numerator used to calculate the reported metric, when the metric is ratio-based."
fact_metrics_daily,denominator,high,"Denominator used to calculate the reported metric, when the metric is ratio-based."
fact_metrics_daily,hll_sketch,high,Serialized HyperLogLog sketch used to estimate distinct-user or distinct-entity counts efficiently.
fact_metrics_daily,sample_size,high,Number of observations or entities included in the metric calculation.
fact_metrics_daily,source_table,high,Name of the warehouse table from which the metric was derived.
fact_metrics_daily,created_at,high,Timestamp indicating when the daily metric record was created.
fact_metrics_daily,updated_at,high,Timestamp indicating when the daily metric record was most recently updated.
fact_progression,event_id,high,Unique identifier for the player progression event.
fact_progression,org_id,high,Identifier of the organization or tenant owning the progression event.
fact_progression,game_id,high,Identifier of the game in which the progression event occurred.
fact_progression,user_id,high,Unique identifier for the player whose progression changed.
fact_progression,event_date,high,Calendar date on which the progression event was recorded.
fact_progression,progression_event_type,high,"Classification of the progression event, such as level-up, experience gain, unlock, or milestone."
fact_progression,player_level,high,Player level associated with the progression event.
fact_progression,xp,high,"Integer experience points awarded, accumulated, or recorded by the event."
fact_progression,update_reason,medium,Business or gameplay reason that caused the progression state to be updated.
fact_progression,feature_name,medium,Game feature associated with the progression change or player unlock.
fact_progression,unlock_trigger,high,Condition or event that triggered access to the associated feature or content.
fact_progression,country,high,Country associated with the player or device during the progression event.
fact_progression,platform,high,Device or operating-system platform on which the progression event occurred.
fact_purchases,org_id,high,Identifier of the organization or tenant owning the purchase record.
fact_purchases,game_id,high,Identifier of the game associated with the purchase.
fact_purchases,user_id,high,Unique identifier for the player who initiated the purchase.
fact_purchases,event_date,high,Calendar date on which the purchase event was recorded.
fact_purchases,order_id,high,Unique identifier for the purchase order or store transaction.
fact_purchases,offer_id,high,Identifier for the promotional or commercial offer presented or purchased.
fact_purchases,sku_id,high,Store or catalog identifier for the purchased product.
fact_purchases,sku_family,high,Higher-level product grouping used to analyze related purchasable items.
fact_purchases,category,high,"Business category of the purchased item, such as currency, bundle, subscription, or consumable."
fact_purchases,store,high,App store or payment marketplace through which the purchase was processed.
fact_purchases,price_usd,high,Listed or charged product price converted to U.S. dollars before final transaction adjustments.
fact_purchases,status,high,"Lifecycle or processing status of the purchase transaction, such as pending, completed, refunded, or failed."
fact_purchases,is_successful_purchase,high,Boolean flag indicating whether the purchase completed successfully.
fact_purchases,revenue_usd,high,Recognized purchase revenue expressed in U.S. dollars after applying the applicable transaction status or adjustments.
fact_purchases,country,high,Country associated with the player or purchase context.
fact_purchases,platform,high,Device or operating-system platform from which the purchase was made.
fact_purchases,app_version,high,Application version installed when the purchase occurred.
fact_retention_daily,cohort_date,high,Install or acquisition date defining the player cohort used for retention analysis.
fact_retention_daily,days_since_install,high,Number of elapsed days since the cohort's install date for the retention observation.
fact_retention_daily,cohort_size,high,Number of players included in the install cohort at its baseline.
fact_retention_daily,retained_users,high,Number of cohort players active on the specified day since install.
fact_retention_daily,retention_pct,high,Percentage of the original cohort that remained active on the specified day since install.
fact_retention_daily,org_id,high,Identifier of the organization or tenant owning the retention metric.
fact_retention_daily,game_id,high,Identifier of the game for which retention is measured.
fact_retention_daily,game_client_id,medium,"Identifier for the game client, deployment, or client configuration defining the retention population."
fact_retention_daily,created_at,high,Timestamp indicating when the retention aggregate was created.
fact_retention_daily,updated_at,high,Timestamp indicating when the retention aggregate was most recently updated.
fact_sessions,session_id,high,Unique identifier for the player's gameplay session.
fact_sessions,org_id,high,Identifier of the organization or tenant owning the session record.
fact_sessions,game_id,high,Identifier of the game in which the session occurred.
fact_sessions,user_id,high,Unique identifier for the player associated with the session.
fact_sessions,event_date,high,Calendar date assigned to the session for daily reporting.
fact_sessions,country,high,Country associated with the player or device during the session.
fact_sessions,platform,high,Device or operating-system platform used during the session.
fact_sessions,app_version,high,Application version installed during the session.
fact_sessions,session_number,high,Sequential session count for the player within the relevant game lifecycle.
fact_sessions,is_first_session,high,Boolean flag indicating whether this was the player's first recorded session.
fact_sessions,session_start_ts,high,Timestamp marking when the player session began.
fact_sessions,session_end_ts,high,Timestamp marking when the player session ended.
fact_sessions,event_count,high,Number of telemetry or gameplay events attributed to the session.
fact_sessions,session_duration_sec,high,Elapsed session duration measured in seconds.
fact_tasks,task_instance_id,high,Unique identifier for the player-specific assignment of a task.
fact_tasks,org_id,high,Identifier of the organization or tenant owning the task record.
fact_tasks,game_id,high,Identifier of the game containing the task.
fact_tasks,game_client_id,medium,"Identifier for the game client, deployment, or client configuration associated with the task."
fact_tasks,user_id,high,Unique identifier for the player assigned the task.
fact_tasks,task_id,high,Identifier for the configured task definition or challenge.
fact_tasks,task_type,high,Classification of the task objective or gameplay challenge.
fact_tasks,task_period,high,"Time window or recurrence period governing the task, such as daily, weekly, or seasonal."
fact_tasks,assignment_date,high,Calendar date on which the task was assigned to the player.
fact_tasks,target,high,Integer objective required to complete the task.
fact_tasks,progress_before,high,Task progress value immediately before the recorded update.
fact_tasks,progress_after,high,Task progress value immediately after the recorded update.
fact_tasks,progress_pct,high,Percentage of the task objective completed at the recorded state.
fact_tasks,status,high,"Current lifecycle state of the task, such as assigned, in progress, completed, or expired."
fact_tasks,reward_claimed,high,Boolean flag indicating whether the player claimed the task reward.
fact_tasks,reward_ref,medium,Reference to the reward definition or reward grant associated with the task.
fact_tasks,assigned_at,medium,Serialized timestamp indicating when the task was assigned to the player.
fact_tasks,completed_at,medium,Serialized timestamp indicating when the player completed the task.
fact_tasks,claimed_at,medium,Serialized timestamp indicating when the player claimed the task reward.
fact_user_activity_daily,org_id,high,Identifier of the organization or tenant owning the daily activity record.
fact_user_activity_daily,game_id,high,Identifier of the game for which daily player activity is summarized.
fact_user_activity_daily,user_id,high,Unique identifier for the player represented in the daily activity record.
fact_user_activity_daily,event_date,high,Calendar date for the player's summarized activity.
fact_user_activity_daily,session_count,high,Number of gameplay sessions attributed to the player on the recorded date.
fact_user_activity_daily,event_count,high,Number of tracked gameplay or telemetry events generated by the player on the recorded date.
fact_user_activity_daily,days_since_install,high,Number of elapsed days between the player's install date and the activity date.
fact_user_activity_daily,is_new_install,high,Boolean flag indicating whether the player installed the game on the recorded date.
fact_user_activity_daily,is_returning,high,Boolean flag indicating whether the player was active after a prior activity period rather than being a new install.
fact_user_daily,org_id,high,"Identifier for the organization that owns the game data, supporting tenant-level isolation and reporting."
fact_user_daily,game_id,high,Identifier for the game associated with the user's daily activity and performance measures.
fact_user_daily,game_client_id,medium,Identifier for the game client or application variant generating the daily user activity.
fact_user_daily,user_id,high,Unique identifier for the player represented by the daily activity record.
fact_user_daily,event_date,high,Calendar date on which the user's activity and aggregated gameplay metrics occurred.
fact_user_daily,country,high,"Country associated with the user's activity, supporting geographic performance and monetization analysis."
fact_user_daily,platform,high,"Operating platform used for the user's activity, such as iOS or Android."
fact_user_daily,app_version,high,"Application version used during the activity date, enabling release quality and behavior comparisons."
fact_user_daily,sessions_count,high,Number of gameplay sessions attributed to the user on the activity date.
fact_user_daily,total_session_sec,high,"Total gameplay session duration for the user on the activity date, measured in seconds."
fact_user_daily,avg_session_sec,high,"Average duration of the user's gameplay sessions on the activity date, measured in seconds."
fact_user_daily,has_session,high,Boolean indicator showing whether the user recorded at least one gameplay session on the activity date.
fact_user_daily,revenue_iap_usd,high,"Total recognized in-app purchase revenue generated by the user on the activity date, expressed in U.S. dollars."
fact_user_daily,purchases_count,high,Number of in-app purchase transactions attributed to the user on the activity date.
fact_user_daily,ad_impressions,high,Number of advertisements displayed to the user on the activity date.
fact_user_daily,ad_revenue_usd,high,"Advertising revenue attributed to the user's ad impressions on the activity date, expressed in U.S. dollars."
fact_user_daily,is_payer,high,Boolean indicator showing whether the user made at least one in-app purchase on the activity date.
fact_user_daily,coins_earned,high,Total quantity of soft-currency coins earned by the user on the activity date.
fact_user_daily,coins_spent,high,Total quantity of soft-currency coins spent by the user on the activity date.
fact_user_daily,gems_earned,high,Total quantity of premium-currency gems earned by the user on the activity date.
fact_user_daily,gems_spent,high,Total quantity of premium-currency gems spent by the user on the activity date.
fact_user_daily,events_joined,medium,Number of in-game events entered or joined by the user on the activity date.
fact_user_daily,tournament_entries,high,Number of tournament participation entries recorded for the user on the activity date.
fact_user_daily,gameplay_runs,medium,Total number of gameplay runs completed or initiated by the user on the activity date.
fact_user_daily,runs_classic,high,Number of gameplay runs in the Classic mode completed or initiated by the user on the activity date.
fact_user_daily,runs_blitz,high,Number of gameplay runs in the Blitz mode completed or initiated by the user on the activity date.
fact_user_daily,runs_target,medium,Number of gameplay runs in the Target mode completed or initiated by the user on the activity date.
fact_user_daily,best_score,high,Highest gameplay score recorded for the user on the activity date.
fact_user_daily,avg_score,high,Average gameplay score recorded across the user's applicable runs on the activity date.
fact_user_segment_daily,user_id,high,Unique identifier for the player whose segment memberships and behavioral indicators are captured.
fact_user_segment_daily,snapshot_date,high,Date on which the player's segment assignments and rolling behavioral attributes were evaluated.
fact_user_segment_daily,lifecycle_segment_id,high,"Identifier of the player's lifecycle segment, such as new, active, reactivated, or churn-risk."
fact_user_segment_daily,engagement_segment_id,high,Identifier of the player's engagement-based segment derived from activity and usage behavior.
fact_user_segment_daily,monetization_segment_id,high,Identifier of the player's monetization segment based on spending or revenue behavior.
fact_user_segment_daily,overlay_segment_ids,high,"Collection of additional segment identifiers that can overlap the player's primary lifecycle, engagement, or monetization classifications."
fact_user_segment_daily,days_since_install,high,Number of elapsed days between the player's installation date and the snapshot date.
fact_user_segment_daily,active_days_7d,high,Count of distinct days on which the player was active during the seven-day period ending on the snapshot date.
fact_user_segment_daily,active_days_28d,high,Count of distinct days on which the player was active during the 28-day period ending on the snapshot date.
fact_user_segment_daily,sessions_7d,high,Total gameplay sessions recorded for the player during the seven-day period ending on the snapshot date.
fact_user_segment_daily,spend_usd_to_date,high,"Cumulative player spending through the snapshot date, expressed in U.S. dollars."
fact_user_segment_daily,spend_usd_7d,high,"Player spending during the seven-day period ending on the snapshot date, expressed in U.S. dollars."
fact_user_segment_daily,ftue_completed,high,Boolean indicator showing whether the player completed the first-time user experience by the snapshot date.
fact_user_segment_daily,rewarded_ad_views_to_date,high,Cumulative number of rewarded advertisements viewed by the player through the snapshot date.
fact_user_segment_daily,has_continue_spend,medium,Boolean indicator showing whether the player has demonstrated continued spending behavior according to the segmentation logic.
fact_user_segment_daily,has_competition_entry,high,Boolean indicator showing whether the player has entered at least one competitive activity or tournament.
fact_user_segment_daily,has_task_claim,high,Boolean indicator showing whether the player has claimed at least one in-game task or quest reward.
fact_user_segment_daily,days_since_last_active,high,Number of elapsed days since the player's most recent recorded activity as of the snapshot date.
fact_user_segment_daily,days_since_last_purchase,high,Number of elapsed days since the player's most recent purchase as of the snapshot date.
fact_user_segment_daily,active_days_7d_delta,medium,Change in the player's seven-day active-day count relative to the comparison period used by the segmentation pipeline.
fact_user_segment_daily,spend_7d_delta,medium,"Change in seven-day player spending relative to the comparison period, expressed in U.S. dollars."
fact_user_segment_daily,sessions_7d_delta,medium,Change in the player's seven-day session count relative to the comparison period.
fact_user_segment_daily,org_id,high,Identifier for the organization that owns the segmentation data.
fact_user_segment_daily,game_id,high,Identifier for the game whose player segmentation is represented.
fact_user_segment_daily,game_client_id,medium,Identifier for the game client or application variant associated with the segmentation record.
fact_user_segment_daily,created_at,high,Timestamp when the segmentation record was initially created in the warehouse.
fact_user_segment_daily,updated_at,high,Timestamp of the most recent update to the segmentation record.
funnel_definitions,funnel_id,high,Unique identifier for the configured analytics funnel.
funnel_definitions,funnel_name,high,Business-readable name used to identify the funnel.
funnel_definitions,domain,medium,"Business or gameplay domain to which the funnel belongs, such as onboarding, monetization, or engagement."
funnel_definitions,grain,high,"Analytical entity or aggregation level at which the funnel is evaluated, such as user, session, or event."
funnel_definitions,funnel_steps,high,"Ordered configuration of funnel stages, including step identifiers, source tables, and conditions used to determine progression."
funnel_definitions,is_core,high,Boolean indicator showing whether the funnel is designated as a primary or standard business funnel.
funnel_definitions,status,high,"Lifecycle status of the funnel definition, such as active, draft, or retired."
funnel_definitions,org_id,high,Identifier for the organization that owns the funnel definition.
funnel_definitions,game_id,high,Identifier for the game to which the funnel definition applies.
funnel_definitions,game_client_id,medium,Identifier for the game client or application variant covered by the funnel definition.
funnel_definitions,created_at,high,Timestamp when the funnel definition was initially created.
funnel_definitions,updated_at,high,Timestamp of the most recent update to the funnel definition.
mart_metrics,obs_date,high,Date on which the metric observation applies.
mart_metrics,metric_id,high,Identifier for the standardized metric being reported.
mart_metrics,observed_value,high,"Calculated metric result for the specified date, dimensions, and analytical grain."
mart_metrics,numerator,high,"Numerator used to calculate the reported metric, such as conversions, revenue, or active users."
mart_metrics,denominator,high,"Denominator used to calculate the reported metric, such as eligible users, sessions, or impressions."
mart_metrics,sample_size,high,Number of observations or entities included in the metric calculation.
mart_metrics,country,high,Country dimension used to filter or group the metric observation.
mart_metrics,platform,high,Platform dimension used to filter or group the metric observation.
mart_metrics,segment_id,high,Identifier for the player segment used to scope the metric observation.
mart_metrics,source_table,high,Name of the warehouse table from which the metric inputs were derived.
mart_metrics,source_grain,high,Entity or aggregation grain of the source data used to calculate the metric.
mart_metrics,org_id,high,Identifier for the organization that owns the metric observation.
mart_metrics,game_id,high,Identifier for the game associated with the metric observation.
mart_metrics,game_client_id,medium,Identifier for the game client or application variant associated with the metric observation.
mart_metrics,created_at,high,Timestamp when the metric record was initially created.
mart_metrics,updated_at,high,Timestamp of the most recent update to the metric record.
mart_metrics_cohort,obs_date,high,Date on which the cohort metric observation applies.
mart_metrics_cohort,metric_id,high,Identifier for the standardized cohort metric being reported.
mart_metrics_cohort,observed_value,high,Calculated cohort metric result for the specified observation date and cohort dimensions.
mart_metrics_cohort,numerator,high,"Numerator used to calculate the cohort metric, such as retained users, revenue, or conversions."
mart_metrics_cohort,denominator,high,"Denominator used to calculate the cohort metric, such as the originating cohort population."
mart_metrics_cohort,sample_size,high,Number of cohort members or observations included in the metric calculation.
mart_metrics_cohort,country,high,Country dimension used to filter or group the cohort metric observation.
mart_metrics_cohort,platform,high,Platform dimension used to filter or group the cohort metric observation.
mart_metrics_cohort,segment_id,high,Identifier for the player segment used to scope the cohort metric observation.
mart_metrics_cohort,source_table,high,Name of the warehouse table from which the cohort metric inputs were derived.
mart_metrics_cohort,source_grain,high,Entity or aggregation grain of the source data used to calculate the cohort metric.
mart_metrics_cohort,org_id,high,Identifier for the organization that owns the cohort metric observation.
mart_metrics_cohort,game_id,high,Identifier for the game associated with the cohort metric observation.
mart_metrics_cohort,game_client_id,medium,Identifier for the game client or application variant associated with the cohort metric observation.
mart_metrics_cohort,created_at,high,Timestamp when the cohort metric record was initially created.
mart_metrics_cohort,updated_at,high,Timestamp of the most recent update to the cohort metric record.
seg_definitions,segment_id,high,Unique identifier for the configured player segment.
seg_definitions,segment_key,high,"Stable technical key used to reference the segment in rules, pipelines, and analytics products."
seg_definitions,segment_name,high,Business-readable name of the player segment.
seg_definitions,tier,medium,Classification tier or hierarchy level assigned to the segment.
seg_definitions,is_exclusive,high,Boolean indicator showing whether a player can belong to only this segment within its classification group.
seg_definitions,business_meaning,high,Business description explaining the segment's intended interpretation and operational use.
seg_definitions,rule_sql,high,SQL expression or predicate defining the data conditions required for membership in the segment.
seg_definitions,source_tables,high,List of warehouse tables providing inputs to the segment membership rules.
seg_definitions,is_core,high,Boolean indicator showing whether the segment is a primary or standard segment for the game.
seg_definitions,org_id,high,Identifier for the organization that owns the segment definition.
seg_definitions,game_id,high,Identifier for the game to which the segment definition applies.
seg_definitions,game_client_id,medium,Identifier for the game client or application variant covered by the segment definition.
seg_definitions,created_at,high,Timestamp when the segment definition was initially created.
seg_definitions,updated_at,high,Timestamp of the most recent update to the segment definition.
session_event_seq,event_id,high,Unique identifier for the gameplay or telemetry event.
session_event_seq,event_name,high,Event type or action recorded during gameplay.
session_event_seq,event_timestamp,high,"Recorded timestamp of the event, stored as a string rather than a native temporal type."
session_event_seq,event_date,high,Calendar date associated with the event for partitioning and daily analysis.
session_event_seq,org_id,high,Identifier for the organization that owns the event data.
session_event_seq,game_id,high,Identifier for the game that generated the event.
session_event_seq,game_client_id,medium,Identifier for the game client or application variant that generated the event.
session_event_seq,user_id,high,Identifier for the player associated with the event.
session_event_seq,session_id,high,Identifier linking the event to a specific gameplay session.
session_event_seq,player_level,high,Player progression level recorded when the event occurred.
session_event_seq,gameplay_id,medium,Identifier linking the event to a specific gameplay run or core-loop instance.
session_event_seq,game_mode,high,Gameplay mode in which the event occurred.
session_event_seq,game_level,high,Game level or stage associated with the event.
session_event_seq,seq_in_session,high,Ordinal position of the event within its session.
session_event_seq,events_in_session,high,Total number of events recorded in the associated session.
session_event_seq,prev_event_name,high,Event type immediately preceding the current event within the session.
session_event_seq,next_event_name,high,Event type immediately following the current event within the session.
session_event_seq,sec_since_prev,high,Elapsed time in seconds between the current event and the preceding event in the session.
session_event_seq,seq_in_run,high,Ordinal position of the event within its gameplay run.
session_event_seq,is_session_first_event,high,Boolean indicator showing whether the event is the first recorded event in its session.
session_event_seq,is_session_last_event,high,Boolean indicator showing whether the event is the last recorded event in its session.
stg_alert_metrics_94012474,obs_date,high,Date on which the alert-monitoring metric was observed.
stg_alert_metrics_94012474,metric_id,high,Identifier for the metric evaluated by the alerting process.
stg_alert_metrics_94012474,observed_value,high,Metric value captured for alert evaluation on the observation date.
stg_alert_metrics_94012474,sample_size,high,Number of records or entities contributing to the alert metric.
stg_alert_metrics_94012474,source_grain,high,Entity or aggregation level represented by the source metric data.
stg_alert_metrics_94012474,org_id,high,Identifier for the organization associated with the alert metric.
stg_alert_metrics_94012474,game_id,high,Identifier for the game associated with the alert metric.
stg_alert_metrics_94012474,game_client_id,medium,Identifier for the game client or application variant associated with the alert metric.
stg_events_flattened,event_id,high,Unique identifier for the raw gameplay or telemetry event.
stg_events_flattened,event_name,high,"Name identifying the gameplay, lifecycle, monetization, or telemetry action recorded."
stg_events_flattened,event_timestamp,high,Event occurrence timestamp retained as a string from the source event payload.
stg_events_flattened,event_date,high,Calendar date derived from or associated with the event timestamp.
stg_events_flattened,user_id,high,Identifier for the player associated with the event.
stg_events_flattened,game_id,high,Identifier for the game that generated the event.
stg_events_flattened,game_client_id,medium,Identifier for the game client or application variant that generated the event.
stg_events_flattened,org_id,high,Identifier for the organization that owns the event data.
stg_events_flattened,install_date,high,"Date on which the player installed the game, supporting acquisition and retention cohorting."
stg_events_flattened,language,high,Language setting associated with the player's device or game session.
stg_events_flattened,acquisition_source,high,Marketing or referral source credited with acquiring the player.
stg_events_flattened,days_since_install,high,Number of days elapsed between installation and the event date.
stg_events_flattened,player_level,high,Player progression level at the time the event was recorded.
stg_events_flattened,device_id,high,"Identifier for the device associated with the event, supporting device-level attribution and diagnostics."
stg_events_flattened,os_version,high,Operating-system version on the device generating the event.
stg_events_flattened,app_version,high,Game application version active when the event was generated.
stg_events_flattened,device_type,high,"General device category associated with the event, such as phone or tablet."
stg_events_flattened,platform,high,"Operating platform used to access the game, such as iOS or Android."
stg_events_flattened,device_brand,high,Manufacturer brand of the device generating the event.
stg_events_flattened,device_model,high,Specific device model associated with the event.
stg_events_flattened,country,high,Country inferred or supplied for the player or device at event time.
stg_events_flattened,region,high,Administrative or geographic region associated with the event location.
stg_events_flattened,city,high,City associated with the player's event location.
stg_events_flattened,timezone,high,Time-zone identifier associated with the player or device location.
stg_events_flattened,session_id,high,Identifier linking the event to a gameplay session.
stg_events_flattened,session_number,high,Sequential number of the session for the player or device.
stg_events_flattened,is_first_session,high,Boolean indicator showing whether the event occurred during the player's first recorded session.
stg_events_flattened,event_source_type,medium,Category identifying the origin or collection mechanism of the event.
stg_events_flattened,sdk_version,high,Version of the analytics or game SDK that produced the event.
stg_events_flattened,event_params,high,Semi-structured JSON attributes containing event-specific parameters and payload details.
stg_game_94012474__events_raw,event_id,high,Unique identifier for the raw event received from the game telemetry source.
stg_game_94012474__events_raw,event_name,high,"Name identifying the gameplay, lifecycle, monetization, or telemetry event."
stg_game_94012474__events_raw,event_timestamp,high,Native timestamp indicating when the raw event occurred.
stg_game_94012474__events_raw,event_date,high,Calendar date associated with the raw event for partitioning and daily processing.
stg_game_94012474__events_raw,user_id,high,Identifier for the player associated with the raw event.
stg_game_94012474__events_raw,game_id,high,Identifier for the game that generated the raw event.
stg_game_94012474__events_raw,game_client_id,medium,Identifier for the game client or application variant that generated the raw event.
stg_game_94012474__events_raw,country,high,Country associated with the player or device at the time of the raw event.
stg_game_94012474__events_raw,platform,high,Operating platform used to access the game when the event was generated.
stg_game_94012474__events_raw,user_properties,medium,Serialized set of player attributes supplied with the raw event payload.
stg_game_94012474__events_raw,device,medium,Serialized device attributes supplied with the raw event payload.
stg_game_94012474__events_raw,geo,medium,Serialized geographic or location attributes supplied with the raw event payload.
stg_game_94012474__events_raw,session,medium,Serialized session context associated with the raw event.
stg_game_94012474__events_raw,event_source,medium,Serialized or coded identifier for the system or channel that supplied the raw event.
stg_game_94012474__events_raw,event_params,high,Serialized event-specific parameters received in the raw telemetry payload.
